Epoch,train loss,dev loss
0,0.68,0.661059*
1,0.64,0.618988*
2,0.60,0.564050*
3,0.54,0.494961*
4,0.46,0.413823*
